name,id
Suzanne Le Barbier,A554975
Sophie Leclercq,C8101079
Maggie Le Potier,B6910793
Isaac Toussaint,F3921104
Joséphine Roy,F96103510
Roger Reynaud de la Duval,E2541710
Laetitia Gilles,C10880102
Grégoire Dupre,D420451
Richard Richard,E056339
Henriette Guilbert,F942315
Jacqueline Lesage,B1146210
Cécile de la Potier,B9836810
Céline Bernier,F240284
Adélaïde Lacroix,B5910543
Thibault-Émile Gaillard,B836508
Gilles Ledoux,C4510294
Lucas Mallet,D4941060
Célina Morvan,C316762
Guy Renard de la Vidal,B416056
Joséphine Gaudin,D678360
Hugues Guillaume,D547015
Eugène Guillaume,D779520
Denise Carpentier,F479907
Denise de Mahe,A1020595
Olivier Martineau,C699467
Gabriel Torres-Goncalves,F401998
Guillaume Huet,E1106802
Simone Gaillard,D1047891
Denis Vasseur,C425943
Claudine Lecomte-Rodrigues,B10105877
Matthieu-Daniel Roux,C904294
Matthieu Gaillard,B274588
Véronique Hernandez,E277713
Sabine Rousseau-Torres,D9531018
Matthieu de la Charles,C702000
Édouard Lemaire,F855828
Georges Monnier,F362912
Alexandre Bousquet-Coste,D2647108
Jeannine Peltier,E845856
Martin Blanc,C8313105
Dominique Lebon,C012170
André Nicolas,F919611
Caroline-Anaïs Vidal,B662379
Laurent Mendes,E104993
Marine Mendes,D768576
Robert Lucas-Leblanc,F507317
Margot Clement,F371441
Chantal Munoz,D81010668
Pénélope Guillon,C649728
Auguste Bonnin,B232196
Sophie Martins-Laporte,B509656
Jacques du Boucher,E644580
Amélie-Pénélope Picard,E101060410
Jules Mace,A9410068
Inès Bazin-Ramos,E678748
Françoise Alexandre,C101086105
Théodore Simon,F664580
Jeanne Collet,E905650
Guillaume Dupont Le Thibault,F10720910
Christophe Etienne,E6510169
Juliette Hamon du Leger,A5671106
Sabine Pons,E1028095
Adélaïde Merle,B888400
Caroline Bazin,F802031
Bernadette Duhamel,E0021109
Alphonse Garcia,F059082
Brigitte-Louise Dijoux,F252518
Jules Martins,E3016103
Christiane Rousseau de la Samson,D962979
Amélie du Gautier,F51094510
Thierry Diaz,A6441001
Alfred Schmitt,A10102328
Andrée Le Mendes,F2107104
Jean Alexandre,E1057314
Eugène Le Renault,F41046105
Andrée-Jeanne Paris,F219961
Josette Le Ledoux,F5720810
Frédéric Dumont-Moreno,D682250
Jules Morvan,C045974
Christelle Charrier,D965468
